,,,,,,Sales,Revenue_USD,,,,,Months,,Month
,,,,,,9842,2066820,,,,,January,,1
,,,,,,39919,10378940,,,,,January,,1
,,,,,,10277,1233240,,,,,January,,1
,,,,,,35377,4952780,,,,,January,,1
,,,,,,35468,4610840,,,,,January,,1
,,,,,,43996,7039360,,,,,January,,1
,,,,,,9847,2067870,,,,,January,,1
,,,,,,17746,2839360,,,,,January,,1
,,,,,,26666,3199920,,,,,January,,1
,,,,,,40440,11727600,,,,,January,,1
,,,,,,40417,5658380,,,,,January,,1
,,,,,,47604,4284360,,,,,January,,1
,,,,,,24773,2229570,,,,,January,,1
,,,,,,24233,2665630,,,,,January,,1
,,,,,,42458,5519540,,,,,January,,1
,,,,,,40691,2848370,,,,,January,,1
,,,,,,38622,8496840,,,,,January,,1
,,,,,,42094,9681620,,,,,January,,1
,,,,,,19197,959850,,,,,January,,1
,,,,,,26079,4433430,,,,,January,,1
,,,,,,23146,6712340,,,,,January,,1
,,,,,,10167,2033400,,,,,January,,1
,,,,,,47176,2830560,,,,,January,,1
,,,,,,21835,6550500,,,,,January,,1
,,,,,,31290,1564500,,,,,January,,1
,,,,,,32663,5226080,,,,,January,,1
,,,,,,23653,5203660,,,,,January,,1
,,,,,,44343,7538310,,,,,January,,1
,,,,,,37975,2658250,,,,,January,,1
,,,,,,6063,1455120,,,,,January,,1
,,,,,,16104,4670160,,,,,January,,1
,,,,,,40801,7752190,,,,,January,,1
,,,,,,26422,6341280,,,,,January,,1
,,,,,,21488,3867840,,,,,January,,1
,,,,,,42388,3814920,,,,,January,,1
,,,,,,48873,4887300,,,,,January,,1
,,,,,,10527,2947560,,,,,January,,1
,,,,,,33515,7038150,,,,,January,,1
,,,,,,9058,1992760,,,,,January,,1
,,,,,,5028,1458120,,,,,January,,1
,,,,,,26112,2350080,,,,,January,,1
,,,,,,20117,4828080,,,,,January,,1
,,,,,,13843,1938020,,,,,January,,1
,,,,,,40979,6966430,,,,,January,,1
,,,,,,25837,2583700,,,,,January,,1
,,,,,,38487,7697400,,,,,January,,1
,,,,,,11484,2871000,,,,,January,,1
,,,,,,17022,1021320,,,,,January,,1
,,,,,,25907,7253960,,,,,January,,1
,,,,,,28077,3930780,,,,,January,,1
,,,,,,15527,1086890,,,,,January,,1
,,,,,,36693,2201580,,,,,January,,1
,,,,,,45518,10924320,,,,,January,,1
,,,,,,33638,3027420,,,,,January,,1
,,,,,,38021,4182310,,,,,January,,1
,,,,,,36483,8391090,,,,,January,,1
,,,,,,47739,14321700,,,,,January,,1
,,,,,,11227,2582210,,,,,January,,1
,,,,,,33330,4332900,,,,,January,,1
,,,,,,29713,3862690,,,,,January,,1
,,,,,,38015,11404500,,,,,January,,1
,,,,,,45608,11402000,,,,,January,,1
,,,,,,34759,7299390,,,,,January,,1
,,,,,,39351,6689670,,,,,January,,1
,,,,,,17353,3644130,,,,,January,,1
,,,,,,17458,2793280,,,,,January,,1
,,,,,,11470,1032300,,,,,January,,1
,,,,,,40727,8145400,,,,,January,,1
,,,,,,35894,8614560,,,,,January,,1
,,,,,,16756,1172920,,,,,January,,1
,,,,,,36582,9511320,,,,,January,,1
,,,,,,47343,11835750,,,,,January,,1
,,,,,,24043,1923440,,,,,January,,1
,,,,,,28958,6660340,,,,,January,,1
,,,,,,43842,11837340,,,,,January,,1
,,,,,,10815,2703750,,,,,January,,1
,,,,,,8922,2230500,,,,,January,,1
,,,,,,42040,2942800,,,,,January,,1
,,,,,,43626,10033980,,,,,February,,2
,,,,,,40762,4076200,,,,,February,,2
,,,,,,46508,5580960,,,,,February,,2
,,,,,,49926,3494820,,,,,February,,2
,,,,,,30045,7210800,,,,,February,,2
,,,,,,18455,3321900,,,,,February,,2
,,,,,,24769,6439940,,,,,February,,2
,,,,,,5936,1009120,,,,,February,,2
,,,,,,37079,8528170,,,,,February,,2
,,,,,,22676,1814080,,,,,February,,2
,,,,,,9747,2924100,,,,,February,,2
,,,,,,6899,1172830,,,,,February,,2
,,,,,,34848,8363520,,,,,February,,2
,,,,,,13064,1437040,,,,,February,,2
,,,,,,43953,9669660,,,,,February,,2
,,,,,,39676,11506040,,,,,February,,2
,,,,,,48811,5369210,,,,,February,,2
,,,,,,6131,1042270,,,,,February,,2
,,,,,,46488,13481520,,,,,February,,2
,,,,,,20301,3654180,,,,,February,,2
,,,,,,6954,904020,,,,,February,,2
,,,,,,49549,14864700,,,,,February,,2
,,,,,,31673,2850570,,,,,February,,2
,,,,,,39076,7424440,,,,,February,,2
,,,,,,49553,7432950,,,,,February,,2
,,,,,,16158,3070020,,,,,February,,2
,,,,,,20661,2479320,,,,,February,,2
,,,,,,31387,1883220,,,,,February,,2
,,,,,,36239,2899120,,,,,February,,2
,,,,,,12202,3660600,,,,,February,,2
,,,,,,10259,1949210,,,,,February,,2
,,,,,,40890,8586900,,,,,February,,2
,,,,,,9846,1969200,,,,,February,,2
,,,,,,7242,1375980,,,,,February,,2
,,,,,,43169,2590140,,,,,February,,2
,,,,,,39495,7504050,,,,,February,,2
,,,,,,39308,10613160,,,,,February,,2
,,,,,,49117,12279250,,,,,February,,2
,,,,,,46945,2347250,,,,,February,,2
,,,,,,30682,4909120,,,,,February,,2
,,,,,,40582,2434920,,,,,February,,2
,,,,,,19653,5109780,,,,,February,,2
,,,,,,35728,7145600,,,,,February,,2
,,,,,,43928,5710640,,,,,February,,2
,,,,,,20724,5802720,,,,,February,,2
,,,,,,17571,1932810,,,,,February,,2
,,,,,,23362,4205160,,,,,February,,2
,,,,,,28434,7392840,,,,,February,,2
,,,,,,13052,3654560,,,,,February,,2
,,,,,,21015,4833450,,,,,February,,2
,,,,,,48413,8230210,,,,,February,,2
,,,,,,31688,7605120,,,,,February,,2
,,,,,,21955,3512800,,,,,February,,2
,,,,,,36286,1814300,,,,,February,,2
,,,,,,29636,7409000,,,,,February,,2
,,,,,,38922,9341280,,,,,February,,2
,,,,,,14104,1410400,,,,,February,,2
,,,,,,19586,3721340,,,,,February,,2
,,,,,,45392,12255840,,,,,February,,2
,,,,,,40110,2807700,,,,,February,,2
,,,,,,25048,3256240,,,,,February,,2
,,,,,,26264,6566000,,,,,February,,2
,,,,,,34648,8662000,,,,,February,,2
,,,,,,8085,404250,,,,,February,,2
,,,,,,42443,2546580,,,,,February,,2
,,,,,,37934,9483500,,,,,February,,2
,,,,,,43543,10014890,,,,,February,,2
,,,,,,14342,4302600,,,,,February,,2
,,,,,,33324,5665080,,,,,February,,2
,,,,,,26040,7291200,,,,,February,,2
,,,,,,25668,3080160,,,,,February,,2
,,,,,,16912,4904480,,,,,February,,2
,,,,,,29655,5931000,,,,,February,,2
,,,,,,27263,8178900,,,,,February,,2
,,,,,,6983,698300,,,,,February,,2
,,,,,,13199,1583880,,,,,February,,2
,,,,,,15141,3633840,,,,,February,,2
,,,,,,47887,6704180,,,,,February,,2
,,,,,,30036,6607920,,,,,February,,2
,,,,,,38877,3498930,,,,,February,,2
,,,,,,9210,2394600,,,,,February,,2
,,,,,,11691,1169100,,,,,February,,2
,,,,,,46554,6983100,,,,,February,,2
,,,,,,16435,3451350,,,,,February,,2
,,,,,,28383,5392770,,,,,February,,2
,,,,,,46496,3719680,,,,,February,,2
,,,,,,31946,1916760,,,,,February,,2
,,,,,,39777,11137560,,,,,February,,2
,,,,,,21620,3026800,,,,,February,,2
,,,,,,37161,5202540,,,,,February,,2
,,,,,,32822,7877280,,,,,February,,2
,,,,,,20775,3324000,,,,,February,,2
,,,,,,30908,1545400,,,,,February,,2
,,,,,,48062,3364340,,,,,February,,2
,,,,,,26136,4443120,,,,,February,,2
,,,,,,8137,2115620,,,,,February,,2
,,,,,,48973,8815140,,,,,March,,3
,,,,,,10853,2279130,,,,,March,,3
,,,,,,42986,9027060,,,,,March,,3
,,,,,,23608,6846320,,,,,March,,3
,,,,,,12796,1663480,,,,,March,,3
,,,,,,37917,7204230,,,,,March,,3
,,,,,,6244,874160,,,,,March,,3
,,,,,,24860,4723400,,,,,March,,3
,,,,,,37071,10009170,,,,,March,,3
,,,,,,42072,5890080,,,,,March,,3
,,,,,,44415,3997350,,,,,March,,3
,,,,,,5250,577500,,,,,March,,3
,,,,,,16995,2549250,,,,,March,,3
,,,,,,24788,3718200,,,,,March,,3
,,,,,,42786,9840780,,,,,March,,3
,,,,,,15005,4051350,,,,,March,,3
,,,,,,20261,3444370,,,,,March,,3
,,,,,,39623,11886900,,,,,March,,3
,,,,,,21784,2396240,,,,,March,,3
,,,,,,6731,403860,,,,,March,,3
,,,,,,17179,4638330,,,,,March,,3
,,,,,,14492,724600,,,,,March,,3
,,,,,,37977,5316780,,,,,March,,3
,,,,,,42594,5537220,,,,,March,,3
,,,,,,45678,9135600,,,,,March,,3
,,,,,,39686,7937200,,,,,March,,3
,,,,,,17306,5018740,,,,,March,,3
,,,,,,16444,2795480,,,,,March,,3
,,,,,,35346,8836500,,,,,March,,3
,,,,,,30604,7038920,,,,,March,,3
,,,,,,45929,7348640,,,,,March,,3
,,,,,,14208,3978240,,,,,March,,3
,,,,,,11050,1768000,,,,,March,,3
,,,,,,48694,14608200,,,,,March,,3
,,,,,,29212,5550280,,,,,March,,3
,,,,,,20599,4737770,,,,,March,,3
,,,,,,45408,4086720,,,,,March,,3
,,,,,,34976,10143040,,,,,March,,3
,,,,,,41534,5814760,,,,,March,,3
,,,,,,19819,2180090,,,,,March,,3
,,,,,,5985,1197000,,,,,March,,3
,,,,,,17951,3590200,,,,,March,,3
,,,,,,35223,4578990,,,,,March,,3
,,,,,,32367,9386430,,,,,March,,3
,,,,,,46131,5074410,,,,,March,,3
,,,,,,39353,9051190,,,,,March,,3
,,,,,,28418,1989260,,,,,March,,3
,,,,,,17097,2906490,,,,,March,,3
,,,,,,24934,3490760,,,,,March,,3
,,,,,,33184,1659200,,,,,March,,3
,,,,,,13667,1230030,,,,,March,,3
,,,,,,20902,3135300,,,,,March,,3
,,,,,,23185,4405150,,,,,March,,3
,,,,,,23576,3064880,,,,,March,,3
,,,,,,18869,5660700,,,,,March,,3
,,,,,,28663,2866300,,,,,March,,3
,,,,,,26249,7349720,,,,,March,,3
,,,,,,7882,1970500,,,,,March,,3
,,,,,,21235,4671700,,,,,March,,3
,,,,,,44806,9409260,,,,,March,,3
,,,,,,46070,13821000,,,,,March,,3
,,,,,,34400,2408000,,,,,March,,3
,,,,,,13384,3747520,,,,,March,,3
,,,,,,48818,8787240,,,,,March,,3
,,,,,,30887,8339490,,,,,March,,3
,,,,,,41855,5022600,,,,,March,,3
,,,,,,49035,4903500,,,,,March,,3
,,,,,,32814,4922100,,,,,March,,3
,,,,,,20751,3527670,,,,,March,,3
,,,,,,26012,3641680,,,,,March,,3
,,,,,,34185,6495150,,,,,March,,3
,,,,,,7242,506940,,,,,March,,3
,,,,,,29651,5337180,,,,,March,,3
,,,,,,16489,2473350,,,,,April,,4
,,,,,,39934,7986800,,,,,April,,4
,,,,,,48873,10752060,,,,,April,,4
,,,,,,44636,5802680,,,,,April,,4
,,,,,,28886,6354920,,,,,April,,4
,,,,,,14434,4330200,,,,,April,,4
,,,,,,31268,2814120,,,,,April,,4
,,,,,,46124,5073640,,,,,April,,4
,,,,,,45351,7256160,,,,,April,,4
,,,,,,13858,2217280,,,,,April,,4
,,,,,,29724,3566880,,,,,April,,4
,,,,,,44272,5312640,,,,,April,,4
,,,,,,20585,4117000,,,,,April,,4
,,,,,,37618,9028320,,,,,April,,4
,,,,,,41062,2874340,,,,,April,,4
,,,,,,43178,9499160,,,,,April,,4
,,,,,,27108,7590240,,,,,April,,4
,,,,,,10939,2406580,,,,,April,,4
,,,,,,11069,1549660,,,,,April,,4
,,,,,,14004,1400400,,,,,April,,4
,,,,,,37570,10519600,,,,,April,,4
,,,,,,27736,4160400,,,,,April,,4
,,,,,,45787,5952310,,,,,April,,4
,,,,,,23761,4276980,,,,,April,,4
,,,,,,34149,9220230,,,,,April,,4
,,,,,,23175,5793750,,,,,April,,4
,,,,,,28314,5945940,,,,,April,,4
,,,,,,45530,12748400,,,,,April,,4
,,,,,,49510,3465700,,,,,April,,4
,,,,,,31840,3502400,,,,,April,,4
,,,,,,45099,9019800,,,,,April,,4
,,,,,,9045,2442150,,,,,April,,4
,,,,,,10699,1925820,,,,,April,,4
,,,,,,13044,2347920,,,,,April,,4
,,,,,,31752,5080320,,,,,April,,4
,,,,,,44154,13246200,,,,,April,,4
,,,,,,40254,10466040,,,,,April,,4
,,,,,,37722,3017760,,,,,April,,4
,,,,,,7166,358300,,,,,April,,4
,,,,,,7918,1029340,,,,,April,,4
,,,,,,47144,3300080,,,,,April,,4
,,,,,,25935,3112200,,,,,April,,4
,,,,,,42503,8075570,,,,,April,,4
,,,,,,21644,5627440,,,,,April,,4
,,,,,,11441,2059380,,,,,April,,4
,,,,,,11929,2027930,,,,,April,,4
,,,,,,31306,8452620,,,,,April,,4
,,,,,,37179,5948640,,,,,April,,4
,,,,,,29642,8892600,,,,,April,,4
,,,,,,7276,800360,,,,,April,,4
,,,,,,29270,3219700,,,,,April,,4
,,,,,,31758,5716440,,,,,April,,4
,,,,,,18543,2966880,,,,,April,,4
,,,,,,22560,2256000,,,,,April,,4
,,,,,,36810,11043000,,,,,April,,4
,,,,,,36747,5879520,,,,,April,,4
,,,,,,31764,5082240,,,,,April,,4
,,,,,,23160,5326800,,,,,April,,4
,,,,,,35933,8623920,,,,,April,,4
,,,,,,42179,6748640,,,,,April,,4
,,,,,,19979,2996850,,,,,April,,4
,,,,,,45686,10507780,,,,,April,,4
,,,,,,34547,9327690,,,,,April,,4
,,,,,,23633,3072290,,,,,April,,4
,,,,,,23104,5082880,,,,,April,,4
,,,,,,40542,4865040,,,,,April,,4
,,,,,,9244,1848800,,,,,April,,4
,,,,,,18952,3411360,,,,,April,,4
,,,,,,33569,5371040,,,,,May,,5
,,,,,,18843,4522320,,,,,May,,5
,,,,,,41525,11627000,,,,,May,,5
,,,,,,18692,3364560,,,,,May,,5
,,,,,,13232,1852480,,,,,May,,5
,,,,,,15114,3476220,,,,,May,,5
,,,,,,26398,3167760,,,,,May,,5
,,,,,,11893,2497530,,,,,May,,5
,,,,,,47626,2381300,,,,,May,,5
,,,,,,39458,2367480,,,,,May,,5
,,,,,,27370,4105500,,,,,May,,5
,,,,,,8911,891100,,,,,May,,5
,,,,,,14474,3039540,,,,,May,,5
,,,,,,18456,2214720,,,,,May,,5
,,,,,,6123,1775670,,,,,May,,5
,,,,,,45334,4080060,,,,,May,,5
,,,,,,28850,1731000,,,,,May,,5
,,,,,,42633,5968620,,,,,May,,5
,,,,,,47580,5709600,,,,,May,,5
,,,,,,24321,4134570,,,,,May,,5
,,,,,,28564,8283560,,,,,May,,5
,,,,,,6327,316350,,,,,May,,5
,,,,,,32171,9007880,,,,,May,,5
,,,,,,41568,4156800,,,,,May,,5
,,,,,,6052,605200,,,,,May,,5
,,,,,,39375,7875000,,,,,May,,5
,,,,,,42197,8861370,,,,,May,,5
,,,,,,30014,6002800,,,,,May,,5
,,,,,,40125,12037500,,,,,May,,5
,,,,,,6153,676830,,,,,May,,5
,,,,,,42546,12338340,,,,,May,,5
,,,,,,18939,4355970,,,,,May,,5
,,,,,,38906,7392140,,,,,May,,5
,,,,,,15518,4500220,,,,,May,,5
,,,,,,6420,642000,,,,,May,,5
,,,,,,20632,5776960,,,,,May,,5
,,,,,,12383,1362130,,,,,May,,5
,,,,,,40905,8181000,,,,,May,,5
,,,,,,19861,1588880,,,,,May,,5
,,,,,,41079,6161850,,,,,May,,5
,,,,,,24535,4170950,,,,,May,,5
,,,,,,49226,6891640,,,,,May,,5
,,,,,,41555,2908850,,,,,May,,5
,,,,,,7516,1202560,,,,,May,,5
,,,,,,39080,2344800,,,,,May,,5
,,,,,,17357,1041420,,,,,May,,5
,,,,,,22115,5749900,,,,,May,,5
,,,,,,22852,6627080,,,,,May,,5
,,,,,,10974,2743500,,,,,May,,5
,,,,,,22736,6138720,,,,,May,,5
,,,,,,12389,3468920,,,,,May,,5
,,,,,,20719,1864710,,,,,May,,5
,,,,,,36767,9559420,,,,,May,,5
,,,,,,40333,3226640,,,,,May,,5
,,,,,,47868,12924360,,,,,May,,5
,,,,,,40023,4402530,,,,,May,,5
,,,,,,41984,12175360,,,,,May,,5
,,,,,,13242,2648400,,,,,May,,5
,,,,,,34267,4112040,,,,,May,,5
,,,,,,31908,6381600,,,,,May,,5
,,,,,,37706,9803560,,,,,May,,5
,,,,,,26582,6911320,,,,,May,,5
,,,,,,10849,1301880,,,,,May,,5
,,,,,,30306,6061200,,,,,May,,5
,,,,,,11269,1915730,,,,,May,,5
,,,,,,46989,10807470,,,,,May,,5
,,,,,,18093,1266510,,,,,May,,5
,,,,,,48177,14453100,,,,,May,,5
,,,,,,44299,11960730,,,,,May,,5
,,,,,,28331,4249650,,,,,May,,5
,,,,,,46947,2347350,,,,,May,,5
,,,,,,47752,8595360,,,,,May,,5
,,,,,,43332,6499800,,,,,May,,5
,,,,,,24495,1714650,,,,,May,,5
,,,,,,40117,2407020,,,,,May,,5
,,,,,,42278,2536680,,,,,May,,5
,,,,,,19094,4200680,,,,,May,,5
,,,,,,45270,9959400,,,,,May,,5
,,,,,,35066,4558580,,,,,May,,5
,,,,,,8861,974710,,,,,May,,5
,,,,,,32810,9186800,,,,,May,,5
,,,,,,39209,5881350,,,,,May,,5
,,,,,,47189,10381580,,,,,May,,5
,,,,,,15046,3761500,,,,,May,,5
,,,,,,26242,1312100,,,,,May,,5
,,,,,,41901,12570300,,,,,June,,6
,,,,,,41641,8744610,,,,,June,,6
,,,,,,16396,3935040,,,,,June,,6
,,,,,,18279,1096740,,,,,June,,6
,,,,,,21063,5476380,,,,,June,,6
,,,,,,21735,3042900,,,,,June,,6
,,,,,,33156,8289000,,,,,June,,6
,,,,,,39659,3965900,,,,,June,,6
,,,,,,24222,6782160,,,,,June,,6
,,,,,,15114,2267100,,,,,June,,6
,,,,,,11346,2269200,,,,,June,,6
,,,,,,20285,3448450,,,,,June,,6
,,,,,,40284,8862480,,,,,June,,6
,,,,,,45591,13221390,,,,,June,,6
,,,,,,26283,3416790,,,,,June,,6
,,,,,,26073,6778980,,,,,June,,6
,,,,,,22636,5885360,,,,,June,,6
,,,,,,45139,3159730,,,,,June,,6
,,,,,,32581,2280670,,,,,June,,6
,,,,,,33407,4342910,,,,,June,,6
,,,,,,40020,4002000,,,,,June,,6
,,,,,,14607,1898910,,,,,June,,6
,,,,,,36206,8689440,,,,,June,,6
,,,,,,26728,6949280,,,,,June,,6
,,,,,,36864,3317760,,,,,June,,6
,,,,,,19496,3509280,,,,,June,,6
,,,,,,28407,1988490,,,,,June,,6
,,,,,,11095,1886150,,,,,June,,6
,,,,,,15441,1389690,,,,,June,,6
,,,,,,14683,1321470,,,,,June,,6
,,,,,,46881,9376200,,,,,June,,6
,,,,,,22074,1986660,,,,,June,,6
,,,,,,8847,707760,,,,,June,,6
,,,,,,37643,10916470,,,,,June,,6
,,,,,,37621,1881050,,,,,June,,6
,,,,,,47008,8931520,,,,,June,,6
,,,,,,24607,4429260,,,,,June,,6
,,,,,,42446,3395680,,,,,June,,6
,,,,,,19448,2528240,,,,,June,,6
,,,,,,13360,3740800,,,,,June,,6
,,,,,,20135,1208100,,,,,June,,6
,,,,,,21700,5642000,,,,,June,,6
,,,,,,14939,2987800,,,,,June,,6
,,,,,,10066,1912540,,,,,June,,6
,,,,,,30241,7257840,,,,,June,,6
,,,,,,31869,7648560,,,,,June,,6
,,,,,,20952,3561840,,,,,June,,6
,,,,,,13888,1944320,,,,,June,,6
,,,,,,7966,1672860,,,,,June,,6
,,,,,,45908,12854240,,,,,June,,6
,,,,,,17105,3763100,,,,,June,,6
,,,,,,35378,3184020,,,,,June,,6
,,,,,,18421,4421040,,,,,June,,6
,,,,,,28729,3447480,,,,,June,,6
,,,,,,46617,5594040,,,,,June,,6
,,,,,,14871,3717750,,,,,June,,6
,,,,,,6685,2005500,,,,,June,,6
,,,,,,15574,2803320,,,,,June,,6
,,,,,,20702,4347420,,,,,June,,6
,,,,,,9759,1854210,,,,,June,,6
,,,,,,13901,2085150,,,,,June,,6
,,,,,,28438,8247020,,,,,June,,6
,,,,,,47260,8034200,,,,,June,,6
,,,,,,38295,8807850,,,,,June,,6
,,,,,,31632,9173280,,,,,June,,6
,,,,,,43304,6928640,,,,,June,,6
,,,,,,47663,2859780,,,,,June,,6
,,,,,,28707,4018980,,,,,June,,6
,,,,,,33490,2344300,,,,,June,,6
,,,,,,16136,4840800,,,,,June,,6
,,,,,,39529,7510510,,,,,June,,6
,,,,,,40981,4098100,,,,,June,,6
,,,,,,23621,7086300,,,,,June,,6
,,,,,,46707,7006050,,,,,June,,6
,,,,,,48710,13151700,,,,,June,,6
,,,,,,14102,1410200,,,,,June,,6
,,,,,,7535,2185150,,,,,June,,6
,,,,,,33002,2970180,,,,,June,,6
,,,,,,19823,2775220,,,,,June,,6
,,,,,,38431,3843100,,,,,June,,6
,,,,,,28120,7873600,,,,,June,,6
,,,,,,19807,4357540,,,,,June,,6
,,,,,,40467,6070050,,,,,June,,6
,,,,,,5204,1092840,,,,,June,,6
,,,,,,21383,4918090,,,,,June,,6
,,,,,,12056,2411200,,,,,June,,6
,,,,,,15815,1107050,,,,,June,,6
,,,,,,19144,3828800,,,,,June,,6
,,,,,,31376,7844000,,,,,June,,6
,,,,,,47243,3307010,,,,,June,,6
,,,,,,23927,2153430,,,,,June,,6
,,,,,,42814,6422100,,,,,July,,7
,,,,,,46622,10723060,,,,,July,,7
,,,,,,16670,4834300,,,,,July,,7
,,,,,,47805,2390250,,,,,July,,7
,,,,,,8478,423900,,,,,July,,7
,,,,,,19958,3792020,,,,,July,,7
,,,,,,19956,3791640,,,,,July,,7
,,,,,,20670,3513900,,,,,July,,7
,,,,,,15402,4312560,,,,,July,,7
,,,,,,23385,6781650,,,,,July,,7
,,,,,,12692,2157640,,,,,July,,7
,,,,,,30671,8587880,,,,,July,,7
,,,,,,41898,12150420,,,,,July,,7
,,,,,,46169,3693520,,,,,July,,7
,,,,,,11907,833490,,,,,July,,7
,,,,,,16989,5096700,,,,,July,,7
,,,,,,42383,8052770,,,,,July,,7
,,,,,,40904,10226000,,,,,July,,7
,,,,,,9495,854550,,,,,July,,7
,,,,,,28660,2006200,,,,,July,,7
,,,,,,23503,4700600,,,,,July,,7
,,,,,,8291,663280,,,,,July,,7
,,,,,,8891,2044930,,,,,July,,7
,,,,,,23339,7001700,,,,,July,,7
,,,,,,8970,627900,,,,,July,,7
,,,,,,5233,313980,,,,,July,,7
,,,,,,17561,1580490,,,,,July,,7
,,,,,,21699,1518930,,,,,July,,7
,,,,,,44925,9434250,,,,,July,,7
,,,,,,31559,4102670,,,,,July,,7
,,,,,,48881,6843340,,,,,July,,7
,,,,,,31357,6584970,,,,,July,,7
,,,,,,35304,5648640,,,,,July,,7
,,,,,,44025,4842750,,,,,July,,7
,,,,,,23375,5610000,,,,,July,,7
,,,,,,32062,4809300,,,,,July,,7
,,,,,,35610,8190300,,,,,July,,7
,,,,,,42975,8165250,,,,,July,,7
,,,,,,27507,5226330,,,,,July,,7
,,,,,,46453,12542310,,,,,July,,7
,,,,,,33968,10190400,,,,,July,,7
,,,,,,16592,4148000,,,,,July,,7
,,,,,,8844,1503480,,,,,July,,7
,,,,,,12534,1253400,,,,,July,,7
,,,,,,45702,10054440,,,,,July,,7
,,,,,,31264,2188480,,,,,July,,7
,,,,,,8524,1363840,,,,,July,,7
,,,,,,7218,938340,,,,,July,,7
,,,,,,9612,1441800,,,,,July,,7
,,,,,,19271,1348970,,,,,July,,7
,,,,,,30406,6081200,,,,,July,,7
,,,,,,14436,1443600,,,,,July,,7
,,,,,,18488,2218560,,,,,July,,7
,,,,,,39059,5858850,,,,,July,,7
,,,,,,36813,9571380,,,,,July,,7
,,,,,,22371,4921620,,,,,July,,7
,,,,,,29472,7662720,,,,,July,,7
,,,,,,9468,1136160,,,,,July,,7
,,,,,,22720,6134400,,,,,July,,7
,,,,,,24791,6693570,,,,,July,,7
,,,,,,7886,1656060,,,,,July,,7
,,,,,,8582,1630580,,,,,July,,7
,,,,,,24571,4668490,,,,,July,,7
,,,,,,48935,11255050,,,,,July,,7
,,,,,,9218,1659240,,,,,July,,7
,,,,,,31163,6544230,,,,,July,,7
,,,,,,19804,3366680,,,,,July,,7
,,,,,,35570,2845600,,,,,July,,7
,,,,,,49315,9369850,,,,,July,,7
,,,,,,34623,2769840,,,,,July,,7
,,,,,,17245,4828600,,,,,July,,7
,,,,,,48598,2915880,,,,,July,,7
,,,,,,12945,3106800,,,,,July,,7
,,,,,,6668,866840,,,,,July,,7
,,,,,,36096,6136320,,,,,July,,7
,,,,,,32558,5209280,,,,,July,,7
,,,,,,30645,5516100,,,,,July,,7
,,,,,,24373,3655950,,,,,July,,7
,,,,,,48966,10282860,,,,,July,,7
,,,,,,16921,3553410,,,,,July,,7
,,,,,,21874,5905980,,,,,July,,7
,,,,,,7001,700100,,,,,July,,7
,,,,,,36808,10306240,,,,,July,,7
,,,,,,42093,5472090,,,,,July,,7
,,,,,,39446,10255960,,,,,July,,7
,,,,,,49214,5905680,,,,,July,,7
,,,,,,39083,10943240,,,,,July,,7
,,,,,,27633,1934310,,,,,July,,7
,,,,,,15989,2558240,,,,,July,,7
,,,,,,14668,2640240,,,,,July,,7
,,,,,,30262,4539300,,,,,August,,8
,,,,,,44274,7969320,,,,,August,,8
,,,,,,48747,12186750,,,,,August,,8
,,,,,,29827,1491350,,,,,August,,8
,,,,,,10546,2636500,,,,,August,,8
,,,,,,35303,7413630,,,,,August,,8
,,,,,,10225,2760750,,,,,August,,8
,,,,,,21473,2147300,,,,,August,,8
,,,,,,39856,5181280,,,,,August,,8
,,,,,,16191,2428650,,,,,August,,8
,,,,,,25560,4345200,,,,,August,,8
,,,,,,5580,1339200,,,,,August,,8
,,,,,,37151,7058690,,,,,August,,8
,,,,,,19216,1921600,,,,,August,,8
,,,,,,18192,5093760,,,,,August,,8
,,,,,,24322,1702540,,,,,August,,8
,,,,,,22754,1592780,,,,,August,,8
,,,,,,45014,9903080,,,,,August,,8
,,,,,,22727,4999940,,,,,August,,8
,,,,,,22851,3199140,,,,,August,,8
,,,,,,7317,585360,,,,,August,,8
,,,,,,31132,9339600,,,,,August,,8
,,,,,,33233,1993980,,,,,August,,8
,,,,,,21220,2970800,,,,,August,,8
,,,,,,27540,4681800,,,,,August,,8
,,,,,,13998,3219540,,,,,August,,8
,,,,,,14433,3896910,,,,,August,,8
,,,,,,33352,7003920,,,,,August,,8
,,,,,,33377,9679330,,,,,August,,8
,,,,,,33205,8301250,,,,,August,,8
,,,,,,16469,1646900,,,,,August,,8
,,,,,,20899,3970810,,,,,August,,8
,,,,,,23432,7029600,,,,,August,,8
,,,,,,7095,1206150,,,,,August,,8
,,,,,,46249,9249800,,,,,August,,8
,,,,,,28395,6530850,,,,,August,,8
,,,,,,31674,9502200,,,,,August,,8
,,,,,,49808,6973120,,,,,August,,8
,,,,,,24716,3707400,,,,,August,,8
,,,,,,26258,4726440,,,,,August,,8
,,,,,,14684,2055760,,,,,August,,8
,,,,,,46727,3738160,,,,,August,,8
,,,,,,29723,8025210,,,,,August,,8
,,,,,,13150,3024500,,,,,August,,8
,,,,,,41476,11198520,,,,,August,,8
,,,,,,13144,920080,,,,,August,,8
,,,,,,39481,4342910,,,,,August,,8
,,,,,,39447,8678340,,,,,August,,8
,,,,,,21319,5116560,,,,,August,,8
,,,,,,18855,3205350,,,,,August,,8
,,,,,,38300,8043000,,,,,August,,8
,,,,,,25822,1549320,,,,,August,,8
,,,,,,20762,3944780,,,,,August,,8
,,,,,,12203,2440600,,,,,August,,8
,,,,,,48951,5384610,,,,,August,,8
,,,,,,26006,1300300,,,,,August,,8
,,,,,,12727,3054480,,,,,August,,8
,,,,,,46338,6950700,,,,,August,,8
,,,,,,46693,12140180,,,,,August,,8
,,,,,,37890,10988100,,,,,August,,8
,,,,,,45238,5880940,,,,,August,,8
,,,,,,13477,673850,,,,,August,,8
,,,,,,35554,2133240,,,,,August,,8
,,,,,,17385,869250,,,,,August,,8
,,,,,,48701,7792160,,,,,August,,8
,,,,,,32897,3947640,,,,,August,,8
,,,,,,44803,2688180,,,,,August,,8
,,,,,,7360,1766400,,,,,August,,8
,,,,,,32930,7573900,,,,,August,,8
,,,,,,45111,12631080,,,,,August,,8
,,,,,,27074,5414800,,,,,August,,8
,,,,,,27739,1664340,,,,,August,,8
,,,,,,21248,5099520,,,,,August,,8
,,,,,,19369,5423320,,,,,August,,8
,,,,,,15078,2261700,,,,,August,,8
,,,,,,41006,5330780,,,,,September,,9
,,,,,,46314,10652220,,,,,September,,9
,,,,,,33895,8473750,,,,,September,,9
,,,,,,33577,8730020,,,,,September,,9
,,,,,,7956,1113840,,,,,September,,9
,,,,,,26396,6862960,,,,,September,,9
,,,,,,27448,3568240,,,,,September,,9
,,,,,,16375,1637500,,,,,September,,9
,,,,,,41336,9507280,,,,,September,,9
,,,,,,31768,2859120,,,,,September,,9
,,,,,,29252,8190560,,,,,September,,9
,,,,,,47338,3313660,,,,,September,,9
,,,,,,37824,6808320,,,,,September,,9
,,,,,,18610,1488800,,,,,September,,9
,,,,,,30892,1544600,,,,,September,,9
,,,,,,26971,6203330,,,,,September,,9
,,,,,,40029,2001450,,,,,September,,9
,,,,,,39670,3967000,,,,,September,,9
,,,,,,23137,3239180,,,,,September,,9
,,,,,,20663,3719340,,,,,September,,9
,,,,,,41932,9225040,,,,,September,,9
,,,,,,37822,9455500,,,,,September,,9
,,,,,,11727,2110860,,,,,September,,9
,,,,,,25161,4277370,,,,,September,,9
,,,,,,24247,1212350,,,,,September,,9
,,,,,,22409,2240900,,,,,September,,9
,,,,,,22363,2236300,,,,,September,,9
,,,,,,19422,1747980,,,,,September,,9
,,,,,,43362,12574980,,,,,September,,9
,,,,,,25365,2790150,,,,,September,,9
,,,,,,25267,2526700,,,,,September,,9
,,,,,,37183,8923920,,,,,September,,9
,,,,,,15743,2833740,,,,,September,,9
,,,,,,47675,9058250,,,,,September,,9
,,,,,,25606,5889380,,,,,September,,9
,,,,,,34475,5171250,,,,,September,,9
,,,,,,11286,1467180,,,,,September,,9
,,,,,,49772,6968080,,,,,September,,9
,,,,,,20657,1239420,,,,,September,,9
,,,,,,9556,2006760,,,,,September,,9
,,,,,,25307,4555260,,,,,September,,9
,,,,,,42842,9425240,,,,,September,,9
,,,,,,26433,4493610,,,,,September,,9
,,,,,,29332,8506280,,,,,September,,9
,,,,,,37325,2612750,,,,,September,,9
,,,,,,45895,12850600,,,,,September,,9
,,,,,,6482,972300,,,,,September,,9
,,,,,,18476,3879960,,,,,September,,9
,,,,,,43727,6121780,,,,,September,,9
,,,,,,17902,1611180,,,,,September,,9
,,,,,,9310,2234400,,,,,September,,9
,,,,,,16306,4239560,,,,,September,,9
,,,,,,17475,5242500,,,,,September,,9
,,,,,,31557,3786840,,,,,September,,9
,,,,,,31434,5029440,,,,,September,,9
,,,,,,7510,826100,,,,,September,,9
,,,,,,16048,2567680,,,,,September,,9
,,,,,,18012,2161440,,,,,September,,9
,,,,,,33938,3054420,,,,,September,,9
,,,,,,36001,4320120,,,,,September,,9
,,,,,,45981,7816770,,,,,September,,9
,,,,,,47844,5262840,,,,,September,,9
,,,,,,13352,667600,,,,,September,,9
,,,,,,33989,4418570,,,,,September,,9
,,,,,,41665,10832900,,,,,September,,9
,,,,,,12456,996480,,,,,September,,9
,,,,,,35777,7513170,,,,,September,,9
,,,,,,19589,3721910,,,,,September,,9
,,,,,,46497,13019160,,,,,September,,9
,,,,,,48498,4849800,,,,,September,,9
,,,,,,18569,1485520,,,,,September,,9
,,,,,,31498,5669640,,,,,September,,9
,,,,,,11159,1004310,,,,,September,,9
,,,,,,29145,7286250,,,,,September,,9
,,,,,,20109,1005450,,,,,September,,9
,,,,,,16258,1300640,,,,,September,,9
,,,,,,14191,993370,,,,,September,,9
,,,,,,13249,2914780,,,,,September,,9
,,,,,,45125,6768750,,,,,September,,9
,,,,,,32020,8325200,,,,,September,,9
,,,,,,44300,6202000,,,,,September,,9
,,,,,,20419,6125700,,,,,September,,9
,,,,,,45500,6370000,,,,,September,,9
,,,,,,43225,2593500,,,,,September,,9
,,,,,,24032,6969280,,,,,September,,9
,,,,,,31506,3465660,,,,,September,,9
,,,,,,9146,2560880,,,,,September,,9
,,,,,,43743,11810610,,,,,September,,9
,,,,,,13429,671450,,,,,September,,9
,,,,,,8166,2123160,,,,,September,,9
,,,,,,42516,8928360,,,,,September,,9
,,,,,,25079,1755530,,,,,October,,10
,,,,,,39344,5508160,,,,,October,,10
,,,,,,33059,4297670,,,,,October,,10
,,,,,,31834,7003480,,,,,October,,10
,,,,,,23473,4459870,,,,,October,,10
,,,,,,24432,2687520,,,,,October,,10
,,,,,,43122,7330740,,,,,October,,10
,,,,,,36845,4421400,,,,,October,,10
,,,,,,29308,4396200,,,,,October,,10
,,,,,,46766,9820860,,,,,October,,10
,,,,,,42110,3789900,,,,,October,,10
,,,,,,43980,9235800,,,,,October,,10
,,,,,,49804,12949040,,,,,October,,10
,,,,,,18808,4325840,,,,,October,,10
,,,,,,12640,2022400,,,,,October,,10
,,,,,,11147,2117930,,,,,October,,10
,,,,,,27232,1361600,,,,,October,,10
,,,,,,12825,1410750,,,,,October,,10
,,,,,,21269,6168010,,,,,October,,10
,,,,,,24125,1206250,,,,,October,,10
,,,,,,25828,2582800,,,,,October,,10
,,,,,,30270,1513500,,,,,October,,10
,,,,,,44384,2219200,,,,,October,,10
,,,,,,9054,1810800,,,,,October,,10
,,,,,,30338,2730420,,,,,October,,10
,,,,,,6248,1437040,,,,,October,,10
,,,,,,42937,9875510,,,,,October,,10
,,,,,,43390,5206800,,,,,October,,10
,,,,,,30124,4518600,,,,,October,,10
,,,,,,22124,4203560,,,,,October,,10
,,,,,,10283,1748110,,,,,October,,10
,,,,,,36093,3248370,,,,,October,,10
,,,,,,32693,9480970,,,,,October,,10
,,,,,,33902,4746280,,,,,October,,10
,,,,,,6574,1314800,,,,,October,,10
,,,,,,14744,4275760,,,,,October,,10
,,,,,,9049,814410,,,,,October,,10
,,,,,,26778,4552260,,,,,October,,10
,,,,,,46670,10734100,,,,,October,,10
,,,,,,37169,1858450,,,,,October,,10
,,,,,,22460,1347600,,,,,October,,10
,,,,,,43439,3475120,,,,,October,,10
,,,,,,21146,5709420,,,,,October,,10
,,,,,,38088,11045520,,,,,October,,10
,,,,,,18106,4164380,,,,,October,,10
,,,,,,9831,2949300,,,,,October,,10
,,,,,,36648,6230160,,,,,October,,10
,,,,,,32295,6459000,,,,,October,,10
,,,,,,9299,464950,,,,,October,,10
,,,,,,14646,2489820,,,,,October,,10
,,,,,,12917,1937550,,,,,October,,10
,,,,,,49105,7365750,,,,,October,,10
,,,,,,22174,3104360,,,,,October,,10
,,,,,,15693,4237110,,,,,October,,10
,,,,,,23265,2791800,,,,,October,,10
,,,,,,35801,3938110,,,,,October,,10
,,,,,,40882,6132300,,,,,October,,10
,,,,,,48761,6826540,,,,,October,,10
,,,,,,47459,8542620,,,,,October,,10
,,,,,,27118,7864220,,,,,October,,10
,,,,,,15167,4550100,,,,,October,,10
,,,,,,25199,3275870,,,,,October,,10
,,,,,,42709,3843810,,,,,October,,10
,,,,,,23709,6875610,,,,,October,,10
,,,,,,40620,11779800,,,,,October,,10
,,,,,,23527,6352290,,,,,October,,10
,,,,,,48978,8326260,,,,,October,,10
,,,,,,42409,4240900,,,,,October,,10
,,,,,,38457,2307420,,,,,October,,10
,,,,,,5248,1574400,,,,,October,,10
,,,,,,43425,8685000,,,,,October,,10
,,,,,,46000,11960000,,,,,October,,10
,,,,,,29114,1746840,,,,,October,,10
,,,,,,48698,5843760,,,,,October,,10
,,,,,,10701,2033190,,,,,October,,10
,,,,,,15851,2219140,,,,,October,,10
,,,,,,48555,4369950,,,,,October,,10
,,,,,,18365,2571100,,,,,October,,10
,,,,,,5918,591800,,,,,October,,10
,,,,,,25544,5619680,,,,,October,,10
,,,,,,32471,7468330,,,,,October,,10
,,,,,,11789,1178900,,,,,October,,10
,,,,,,9312,1862400,,,,,October,,10
,,,,,,10017,1001700,,,,,October,,10
,,,,,,9870,987000,,,,,October,,10
,,,,,,48356,14506800,,,,,November,,11
,,,,,,35160,7032000,,,,,November,,11
,,,,,,44734,10736160,,,,,November,,11
,,,,,,42942,6441300,,,,,November,,11
,,,,,,10473,2513520,,,,,November,,11
,,,,,,27420,7403400,,,,,November,,11
,,,,,,38355,4219050,,,,,November,,11
,,,,,,29193,5838600,,,,,November,,11
,,,,,,34384,8939840,,,,,November,,11
,,,,,,28721,8329090,,,,,November,,11
,,,,,,10605,848400,,,,,November,,11
,,,,,,42901,9867230,,,,,November,,11
,,,,,,30797,5235490,,,,,November,,11
,,,,,,30282,3633840,,,,,November,,11
,,,,,,35528,5684480,,,,,November,,11
,,,,,,11440,2288000,,,,,November,,11
,,,,,,19555,977750,,,,,November,,11
,,,,,,48229,13504120,,,,,November,,11
,,,,,,24267,5338740,,,,,November,,11
,,,,,,49992,13997760,,,,,November,,11
,,,,,,49696,12424000,,,,,November,,11
,,,,,,17729,4964120,,,,,November,,11
,,,,,,41529,2491740,,,,,November,,11
,,,,,,10147,710290,,,,,November,,11
,,,,,,44606,8475140,,,,,November,,11
,,,,,,37209,5953440,,,,,November,,11
,,,,,,28203,2538270,,,,,November,,11
,,,,,,38234,9176160,,,,,November,,11
,,,,,,11602,3016520,,,,,November,,11
,,,,,,41786,9192920,,,,,November,,11
,,,,,,49607,7937120,,,,,November,,11
,,,,,,40146,7627740,,,,,November,,11
,,,,,,47036,7525760,,,,,November,,11
,,,,,,37697,10932130,,,,,November,,11
,,,,,,35001,9450270,,,,,November,,11
,,,,,,24849,2484900,,,,,November,,11
,,,,,,32418,4214340,,,,,November,,11
,,,,,,39891,11568390,,,,,November,,11
,,,,,,10346,1862280,,,,,November,,11
,,,,,,49315,9369850,,,,,November,,11
,,,,,,5398,1403480,,,,,November,,11
,,,,,,30607,1530350,,,,,November,,11
,,,,,,11072,775040,,,,,November,,11
,,,,,,29941,2395280,,,,,November,,11
,,,,,,36635,3663500,,,,,November,,11
,,,,,,19905,1592400,,,,,November,,11
,,,,,,41655,7914450,,,,,November,,11
,,,,,,42755,8123450,,,,,November,,11
,,,,,,28857,6925680,,,,,November,,11
,,,,,,42813,10703250,,,,,November,,11
,,,,,,9668,773440,,,,,November,,11
,,,,,,20895,5014800,,,,,November,,11
,,,,,,34614,4153680,,,,,November,,11
,,,,,,20355,2239050,,,,,November,,11
,,,,,,14576,3060960,,,,,November,,11
,,,,,,49867,11968080,,,,,November,,11
,,,,,,27222,7894380,,,,,November,,11
,,,,,,32047,7370810,,,,,November,,11
,,,,,,25327,5571940,,,,,November,,11
,,,,,,34752,9730560,,,,,November,,11
,,,,,,21022,1681760,,,,,November,,11
,,,,,,20526,5336760,,,,,November,,11
,,,,,,13131,1313100,,,,,November,,11
,,,,,,13551,813060,,,,,November,,11
,,,,,,14199,3265770,,,,,November,,11
,,,,,,16821,1513890,,,,,November,,11
,,,,,,6167,1788430,,,,,November,,11
,,,,,,24397,5611310,,,,,November,,11
,,,,,,37241,7820610,,,,,November,,11
,,,,,,14181,3687060,,,,,November,,11
,,,,,,21072,1685760,,,,,November,,11
,,,,,,22761,6828300,,,,,November,,11
,,,,,,41404,8694840,,,,,December,,12
,,,,,,30197,6945310,,,,,December,,12
,,,,,,33581,6716200,,,,,December,,12
,,,,,,41744,8348800,,,,,December,,12
,,,,,,48740,5848800,,,,,December,,12
,,,,,,38854,4662480,,,,,December,,12
,,,,,,45961,6434540,,,,,December,,12
,,,,,,46682,12604140,,,,,December,,12
,,,,,,5713,628430,,,,,December,,12
,,,,,,45569,11392250,,,,,December,,12
,,,,,,28038,1401900,,,,,December,,12
,,,,,,49565,9417350,,,,,December,,12
,,,,,,44238,3539040,,,,,December,,12
,,,,,,27680,8304000,,,,,December,,12
,,,,,,15325,766250,,,,,December,,12
,,,,,,13549,2845290,,,,,December,,12
,,,,,,33222,3654420,,,,,December,,12
,,,,,,34245,9931050,,,,,December,,12
,,,,,,24771,5697330,,,,,December,,12
,,,,,,48540,10193400,,,,,December,,12
,,,,,,18898,3968580,,,,,December,,12
,,,,,,46062,9212400,,,,,December,,12
,,,,,,23802,1428120,,,,,December,,12
,,,,,,6257,938550,,,,,December,,12
,,,,,,46991,7988470,,,,,December,,12
,,,,,,5564,1613560,,,,,December,,12
,,,,,,27059,6223570,,,,,December,,12
,,,,,,42082,5049840,,,,,December,,12
,,,,,,5748,287400,,,,,December,,12
,,,,,,47159,8488620,,,,,December,,12
,,,,,,6901,1311190,,,,,December,,12
,,,,,,29938,4191320,,,,,December,,12
,,,,,,29603,3552360,,,,,December,,12
,,,,,,32757,3603270,,,,,December,,12
,,,,,,25467,7640100,,,,,December,,12
,,,,,,32321,1616050,,,,,December,,12
,,,,,,32475,1948500,,,,,December,,12
,,,,,,49440,7910400,,,,,December,,12
,,,,,,14969,1945970,,,,,December,,12
,,,,,,44252,6195280,,,,,December,,12
,,,,,,40025,4402750,,,,,December,,12
,,,,,,27618,4971240,,,,,December,,12
,,,,,,6354,1461420,,,,,December,,12
,,,,,,20868,1878120,,,,,December,,12
,,,,,,37396,5609400,,,,,December,,12
,,,,,,20448,5725440,,,,,December,,12
,,,,,,11839,828730,,,,,December,,12
,,,,,,35804,5370600,,,,,December,,12
,,,,,,41927,8804670,,,,,December,,12
,,,,,,41095,3698550,,,,,December,,12
,,,,,,43215,10371600,,,,,December,,12
,,,,,,27087,7584360,,,,,December,,12
,,,,,,32012,9603600,,,,,December,,12
,,,,,,32488,9421520,,,,,December,,12
,,,,,,5301,1484280,,,,,December,,12
,,,,,,25857,4654260,,,,,December,,12
,,,,,,44234,9731480,,,,,December,,12
,,,,,,24291,6558570,,,,,December,,12
,,,,,,18093,4342320,,,,,December,,12
,,,,,,21823,6546900,,,,,December,,12
,,,,,,17534,2630100,,,,,December,,12
,,,,,,48239,13989310,,,,,December,,12
,,,,,,38527,2311620,,,,,December,,12
,,,,,,35535,7107000,,,,,December,,12
,,,,,,28409,4545440,,,,,December,,12
,,,,,,49542,13871760,,,,,December,,12
,,,,,,13770,1101600,,,,,December,,12
,,,,,,49189,14264810,,,,,December,,12
,,,,,,48156,4815600,,,,,December,,12
,,,,,,46870,5155700,,,,,December,,12
,,,,,,14998,3149580,,,,,December,,12
,,,,,,38275,8803250,,,,,December,,12
,,,,,,28350,7654500,,,,,December,,12
,,,,,,44791,3135370,,,,,December,,12
,,,,,,25039,5758970,,,,,December,,12
,,,,,,26534,5306800,,,,,December,,12
,,,,,,43906,9220260,,,,,December,,12
,,,,,,26797,8039100,,,,,December,,12
,,,,,,43220,11669400,,,,,December,,12
,,,,,,34732,6599080,,,,,December,,12
,,,,,,48785,3902800,,,,,December,,12
,,,,,,6196,867440,,,,,December,,12
,,,,,,45317,5438040,,,,,December,,12
,,,,,,35978,9714060,,,,,December,,12
,,,,,,11499,1149900,,,,,December,,12
,,,,,,39321,10223460,,,,,December,,12
,,,,,,8529,767610,,,,,December,,12
,,,,,,33549,4025880,,,,,December,,12
,,,,,,13935,2508300,,,,,December,,12
,,,,,,13576,2579440,,,,,December,,12
,,,,,,40694,11801260,,,,,December,,12
,,,,,,20586,1029300,,,,,December,,12
,,,,,,41202,2060100,,,,,December,,12
,,,,,,28738,1436900,,,,,December,,12
,,,,,,6270,313500,,,,,December,,12
,,,,,,18133,5077240,,,,,December,,12
